penulis,judul,abstrak_indo,abstrak_english,pembimbing_pertama,pembimbing_kedua,prodi
Dyah Ayu Citra Seza,Implementasi Fungsi Legislasi Dewan Perwakilan Rakyat Daerah Kabupaten Bangkalan Periode 2009-2014 Dalam Pembentukan Peraturan Daerah ,"ABSTRAK

       Implementasi Fungsi Legislasi DPRD Kabupaten Bangkalan Periode 2009-2014 Dalam Pembentukan Peraturan Daerah menurut ketentuan Undang-Undang Dasar Negara Republik Indonesia Tahun 1945 maupun Undang-Undang Republik Indonesia Nomor 12 Tahun 2011 Tentang Pembentukan Peraturan Perundang-undangan dan Undang-Undang Republik Indonesia Nomor 32 Tahun 2004 Tentang Pemerintahan Daerah menentukan bahwa fungsi legislasi berada ditangan DPRD. Fungsi Legislasi yang dimiliki oleh DPRD merupakan fungsi pembentukan peraturan daerah (perda). Begitupula dengan DPRD Kabupaten Bangkalan yang memiliki fungsi legislasi tersebut dalam pembuatan peraturan daerah. 
       Metode penelitian yang digunakan adalah yuridis normatif. Pendekatan masalah menggunakan pendekatan perundang-undangan (statute approach). 
       Hasil penelitian ini menunjukkan bahwa dalam pelaksanaan fungsi legislasi DPRD Kabupaten Bangkalan dalam pembentukan peraturan daerah melalui beberapa tahapan yaitu melalui penyusunan program legislasi daerah (prolegda) dalam perencanaan penyusunan peraturan daerah sampai dengan proses sosialisasi rancangan peraturan daerah tersebut. Permasalahan atau kendala yang dihadapi DPRD Kabupaten Bangkalan dalam pembentukan peraturan daerah adalah masih minimnya sumber daya manusia yang memadai, adanya perbedaan cara pandang dari tiap anggota legislatif, adanya latar belakang partai politik yang mendominasi, kurangnya komunikasi politik antara pihak legislatif dalam hal ini DPRD Kabupaten Bangkalan sebagai lembaga legislatif dengan masyarakat tersebut serta tidak adanya kesepakatan antara pihak eksekutif (kepala daerah) dengan masyarakat terkait penyusunan rancangan peraturan daerah. 
       Upaya yang dilakukan adalah kepala daerah dan DPRD harus bekerja sama demi kesejahteraan warga masyarakatnya dan kaitannya dengan pembentukan peraturan daerah DPRD tidak hanya kepala daerah saja yang dimintai pendapat tetapi masyarakat juga ikut dimintai pendapatnya. Pemerintah dan DPRD harus mendengar aspirasi dari warga masyarakatnya sehingga ada dengar pendapat antara pemerintah, DPRD dan warga masyarakat tentang peraturan yang dibuat. 
","ABSTRACT
       Implementation of Legislation Parliament function Bangkalan period 2009-2014 in accordance with local regulation Formation of the Constitution of the Republic of Indonesia Year 1945 and Law of the Republic of Indonesia Number 12 Year 2011 On Establishment of Legislation and Law of the Republic of Indonesia Number 32 Year 2004 on Regional Government determines that a legislative function in the hands of Parliament. Legislation functions held by Parliament is a function of the establishment of local regulations (regulations). Neither the Parliament Bangkalan having a legislative function is the creation of local regulations. 
        The research method used is normative. Approach to the problem using this approach legislation (statute approach). 
       The results of this study indicate that the implementation of the legislative functions of Parliament Bangkalan in the formation of local regulations through several stages of drafting program through local legislation (prolegda) preparation of local planning regulations to disseminate the draft local regulation. Problems or obstacles encountered in the formation of Parliament Bangkalan local regulation is still lack of adequate human resources, the different perspectives of each member of the legislature, Problems or obstacles encountered in the formation of Parliament Bangkalan local regulation is still lack of adequate human resources, the different perspectives of each member of the legislature, the background of the dominant political party, the lack of communication between the legislative politics in this Parliament as the legislature Bangkalan with the community and the lack of agreement between the executive (head area) with the drafting relevant regulations. 
       Effort is the head area and Parliament should work together for the welfare of their peoples and local regulations related to the establishment of parliament is not only the head area are consulted but society also consulted. The government and parliament must hear the aspirations of their peoples so that no hearing between the government, Parliament and the community on the rules made. 
","Yudi Widagdo Harimurti, SH., MH","Safi', SH., MH",Ilmu Hukum
Maulina Nurlaily,"Pertanggungjawaban Pidana Direksi BUMN (Persero)
(Anotasi Putusan No. 1144 K/Pid/2006)","Badan Usaha Milik Negara (BUMN) adalah Badan usaha yang sebagian atau seluruh modalnya dimiliki oleh Negara yang berasal dari kekayaan negara yang dipisahkan. Namun, segala ketentuan yang berlaku pada BUMN (Persero) mengacu pada Undang-undang Perseroan Terbatas. Tapi pada kenyataannya kasus yang terjadi pada Direksi BUMN (Persero), dimana Direksi harus bertanggungjawab secara pidana kususnya tindak pidana korupsi dalam Putusan Hakim No. 1144/K/Pid/2006. Hal tersebut dikarenakan sebagian modal modal BUMN (Persero) dimiliki negara. Jadi, ketika BUMN tersebut mengalami kerugian maka dianggap negara juga mengalami kerugian. Tujuan dari penulisan ini yaitu untuk mengetahui bagaimana pertanggungjawaban Direksi BUMN (Persero) ketika terjadi kerugian pada BUMN tersebut. 
Metode yang digunakan dalam penulisan ini yaitu yuridis normatif yang mana dalam penelitian ini menggunakan pendekatan statue approach (Pendekatan perundang-undangan) dan case approach (Pendekatan Kasus). 
Hasil yang diperoleh dalam penulisan ini yaitu Badan Usaha Milik Negara (BUMN) identik dengan Perseroan terbatas. Maka segala ketentuan yang berlaku pada BUMN (Persero) dan Pertanggungjawaban Direksi BUMN mengacu pada Undang-undang Perseroan Terbatas.


Keyword: Pertanggungjawaban pidana, Direksi, Kerugian, BUMN
","State Owned Enterprises (SOEs) are business entities that are partly or wholly owned by the State from the wealth separated state. However, all the provisions applicable to the state (Limited) refers to the Limited Liability Company Act. But in fact the case with the Board of Directors of SOEs (Limited), which the Board of Directors shall be criminally responsible kususnya corruption in Decision No. Hakim. 1144/K/Pid/2006. That is because most of the capital stock owned (Limited) owned by the state. So, when the state is experiencing a loss is considered the country also suffered losses. The purpose of this paper is to determine how the liability of Directors SOE (Limited) when there is a loss in the state.
The method used in this paper is the normative juridical which in this study using the approach statue approach (Approach legislation) and case approach (Case Approach).
The results obtained in this paper are State Owned Enterprises (SOEs) is identical to the limited liability company. So all the provisions applicable to the state (Limited) and refers to the state Board Accountability Act Company Limited.



Keyword: criminal responsibility, the Board of Directors, Loss, SOE","Tolib Effendi, SH., MH.","Dr. Eni Suastuti, SH., Mhum.",Ilmu Hukum
Moh. Samsul Hidayat,Analisis Terhadap Kekosongan Hukum dalam Pengawasan Peredaran Prekursor,"Kasus narkoba tidak henti-hentinya terdengar di media televisi, radio dan media cetak yang memberitakan tentang penyalahgunaan narkoba mulai dari penggunaan hingga peredaran gelapnya. Narkoba sangat memiliki harga nominal yang sangat tinggi, sehingga banyak orang menjadikan narkoba sebagai ladang bisnis, tanpa menghiraukan dampak bahaya ataupun resiko dari apa yang mereka lakukan. Seperti halnya bahan prekursor yang mana merupakan bahan pemula atau bahan kimia yang digunakan dalam berbagai kegiatan industri farmasi dan industri non farmasi dan untuk kegiatan pengembangan ilmu pengetahuan dan teknologi malah disalahgunakan sebagai bahan pembuat narkotika dan psikotropika dari sinilah bahan prekursor sangat perlu mendapatkan pengawasan khusus agar tidak disalahgunakan.
Badan Narkotika Provinsi Jawa Timur merupakan lembaga yang menangani setiap permasalahan narkoba di seluru Wilayah Provinsi Jawa Timur. Dalam penanganan dan upaya pencegahan tindak pidana narkoba, Badan Narkotika Provinsi Jawa Timur melakukan pengawasan terhadap peredaran gelap prekursor dimana bertujuan agar bahan prekursor tidak disalah gunakan.
Penelitian ini menggunakan metode Sosio Legal Research yang mana dalam penelitian ini menggunakan pendekatan fact/case approach yang di lakuka dengan cara menelaah terhadap kasus-kasus yang berkaitan dengan isu yang dihadapi atau fakta yang terjadi dilapangan.
Badan Narkotika Provinsi Jawa Timur telah berhasil melakukan pengawasan terhadap peredaran gelap prekursor sebagai upaya pencegahan tindak pidana narkoba di Wilayah Provinsi Jawa Timur. Meskipun dalam hal ini masih membutuhkan banyak cara lain agar penyalahgunaan narkoba benar-benar dapat di berantas khususnya di Wilayah Provinsi Jawa Timur.
","Drug cases endlessly heard on television, radio and print media preach about drug abuse ranging from the use and circulation of darkness. Drugs really have a very nominal price high, so many people make drugs as a farm business, regardless of the impact of hazards or risks of what they are doing. Just as the precursor material, which is the starting material or chemicals used in the pharmaceutical industry activities and non-pharmaceutical industries and for the development of science and technology instead abused as a narcotic and psychotropic maker of precursor material where it is necessary to get the special supervision so as not to misused.
East Java Narcotics Agency is the agency that handles every drug problems across any area of East Java province. In the treatment and prevention of drug offenses, East Java Narcotics Agency oversight of illicit precursor wherein the precursor material is not intended to be misused.
This study uses the Socio Legal Research which is in fact the research approach / case approach which lakuka by examining the cases related to issues faced or fact that occur in the field.
East Java Narcotics Agency has successfully conducted surveillance of illicit precursor as prevention of drug offenses in the area of East Java province. Although in this case still needs a lot of other ways that drug abuse can completely eradicate, especially in areas in East Java province.","Tolib Effendi, SH., MH.","Agus Ramdlany, SH., MH.",Ilmu Hukum
TOMMY ADITYA PARLINDUNGAN MARBUN,PERLINDUNGAN HUKUM BAGI KONSUMEN ATAS PRODUK ELEKTRONIK YANG TIDAK MEMILIKI PANDUAN BAHASA INDONESIA,"
Produk elektronik adalah suatu benda bergerak yang dihasilkan melalui proses produksi oleh pengusaha elektronik berupa Peralatan atau alat yang bekerja berdasarkan kerja elektronika. Produk elektronik selalu update atau bervariasi baik dari segi bentuk maupun kecanggihannya, contohnya adalah televisi, radio, handphone, perekam kaset, perekam compact disc, kamera digital, kamera video dan lain-lain. Jenis-jenis produk elektronik tersebut merupakan barang yang sering digunakan dan telah menjadi kebutuhan setiap manusia karena banyak membantu pekerjaan manusia di kehidupan sehari-hari baik dalam efesiensi waktu maupun tenaga sehingga produk elektronik sangat diminati oleh manusia. Banyak beredar produk elektronik yang tidak memiliki panduan Bahasa Indonesia baik produk dalam negeri maupun produk luar negeri. Hal ini jelas telah melanggar Pasal 8 Ayat 1 huruf (j) UUPK, Peraturan Menteri Perdagangan Republik Indonesia Nomor 19/M-DAG/PER/5/2009 tentang Pendaftaran Petunjuk Penggunaan (Manual) Dan Kartu Jaminan/Garansi Purna Jual Dalam Bahasa Indonesia Bagi Produk Telematika Dan Elektronika dan juga Peraturan Menteri Perdagangan Republik Indonesia Nomor 22/M-DAG/PER/5/2010 tentang Kewajiban Pencantuman Label Pada Barang. Tujuan peneliti adalah untuk mengetahui apakah pelaku usaha yang menjual produk elektronik memiliki kewajiban untuk mencantumkan panduan bahasa Indonesia serta siapakah yang dapat  digugat oleh konsumen yang mengalami kerugian atas produk elektronik yang tidak memiliki panduan bahasa Indonesia. Metode yang digunakan adalah yuridis normatif. Adapun pendekatan yang digunakan ialah pendekatan peraturan perundang-undangan (statute approach). Hasil dari penelitian ini menunjukkan bahwa produk elektronik termasuk barang yang wajib untuk mencantumkan buku panduan bahasa Indonesia dan jika produk elektronik tersebut di produksi dalam negeri maka produsen yang membuat produk elektronik harus bertanggung jawab sedangkan jika produk elektronik tersebut berasal dari luar negeri maka yang bertanggung jawab adalah importir sebagai pihak yang memasukkan produk elektronik tersebut ke wilayah Indonesia.
","Electronic products is an object moves through the production process generated by electronics employers in the form of equipment or tool that works based on the work of electronics. Electronic products always update or varied in terms of both form and sophistication, for example, is television, radio, mobile phones, tape recorders, compact disc recorders, digital cameras, video cameras and others. The types of electronic products is a frequently used items and have become the need of every human being as a lot of work helping people in daily life both in time as well as energy efficiency that electronic products are in great demand by the people. Many outstanding electronic products that do not have a good guide to Indonesian domestic products and foreign products. This is a clear violation of Article 8 Paragraph 1 letter (j) of BFL, Regulation of the Minister of Trade of Republic of Indonesia Number 19/M-DAG/PER/5/2009 Registration User Guide (Manual) and Warranty Card/Aftermarket Warranty For In Indonesian Electronics and Telematics products and also Regulation of the Minister of Trade of the Republic of Indonesia No.22/M-DAG/PER/5/2010 on obligations Inclusion Label on Goods. The researchers' goal was to determine whether the businesses that sell electronic products have an obligation to provide guidance Indonesian and who can be sued by consumers who suffered losses from the electronic product that does not have a guide to Indonesian. The method used is normative. The approach used is to approach legislation (statute approach). The results of this study indicate that the electronic products including items required to include Indonesian guidebooks and if the electronic product in domestic production of the manufacturers who make electronic products should be responsible while if the electronic products come from overseas it is responsible importers as a party to enter the electronic products to Indonesia","DR. DJULAEKA, S.H., M.HUM","DR.USWATUN HASANAH, S.H., M. HUM",Ilmu Hukum
RICA YENA IMADHORA,"TELAAH  KRITIS TENTANG ALASAN HUKUM YANG DIGUNAKAN OLEH  PAPERA UNTUK TIDAK MELANJUTKAN 
PERKARA PIDANA KE PENGADILAN MILITER 
", ,,"Dr. DENI SBY, S. H., M. S.","SAIFUL ABDULLAH, S. H., M. H.",Ilmu Hukum
Andri Eka Sugiarto,"TELAAH KRITIS TENTANG
PEMBERITAAN MEDIA MASSA TERHADAP PELANGGARAN
ASAS PRADUGA TIDAK BERSALAH
","ABSTRAK

Jaminan akan kemerdekaan dan kebebasan pers di Indonesia berpijak pada dua (2) landasan hukum yaitu Undang-Undang Dasar 1945 dan Undang-Undang Pers No.40 Tahun 1999. Dengan terjaminnya kemerdekaan dan kebebasan pers, pers diharapkan mampu mengimplementasikan Hak, Kewajiban, Peran, dan Fungsi pers sehingga pers dapat menjadi pemberi peringatan dini untuk mengungkap ketidakadilan, dan kesewenang-wenangan oleh penyelenggara negara. Tetapi dalam melaksanakan Hak, Kewajiban, Peran, dan Fungsi pers secara disadari atau tidak sering sekali melakukan pelanggaran “Asas Praduga Tidak Bersalah” berupa Trial by The Press. Isu hukum tersebut menjadi menarik untuk diteliti lebih lanjut sebab dalam pemberitaan media massa tentang suatu tindak pidana sering juga yang mencamtumkan identitas pelaku tindak pidana, hal tersebut merupakan pelanggaran “Asas Praduga Tidak Bersalah” atau bukan. Metode penelitian yang menggunakan penelitian hukum Normatif dan dengan menggunakan pendekatan masalah berupa pendekatan Historis, Statute Approach, dan Konseptual untuk menjawab isu hukum diatas. Hasil penelitian yang diperoleh bahwa dikatakan melanggar “Asas Praduga Tidak Bersalah” jika Pers telah mendakwa, menuntut, atau memutus seorang bersalah tanpa adanya bukti dan fakta yang terjadi sebenarnya tetapi jika pers tidak melakukan penghakiman dalam beritanya maka pers tersebut tidak dapat dikatagorikan melakukan pelanggaran “Asas Praduga Tidak Bersalah”, tidak peduli apakah berita itu dalam proses hukum atau tidak karena pemberitaan tersebut sebagai salah satu upaya pelaporan fakta yang terjadi di lapangan sesuai dengan fungsi Informatif pers dan berdasarkan KUHAP Pasal 1 butir 24 tentang Pelaporan.


Kata Kunci : Fungsi Informatif Pers, Asas Praduaga Tidak Bersalah, Pelaporan.

","ABSTRACT

Guarantees of independence and freedom of the press in Indonesia rests on two (2) the legal basis of the Constitution and the 1945 Press Law No.40 of 1999. By ensuring the independence and freedom of the press, the press is expected to implement the Rights, Duties, role, and function of the press so that the press can be an early warning to uncover injustice, and abuse by the state. But in implementing Rights, Duties, Role and function of the press is aware of it or not frequently violated ""presumption of innocence"" of Trial by The Press. The legal issues to be interesting to study further because in the mass media about a crime often also publish the identity of the criminal, it is a violation of ""Presumption Of Innocence"" or not. The research method used Normative and legal research using this approach in the form of Historiy Approach, Statute Approach, and Conceptual Approach legal issues to address above. The results obtained that says violates ""Presumption Of Innocence"" if the press had been indict, prosecute, or break a guilty without any evidence and facts that actually happened but if it did not release news of the judgment in the press can not be categorized in violation ""Principle presumption Of Innocence "", no matter if the news is in the process of law or not because the reports in an effort reporting facts that occurred in the field according to the press Informative function based on the Criminal Procedure Code and Article 1, point 24 on reporting.

Keywords: Functions Press, Principle Presumption Of Innocence, Reporting.
","Dr. Deni Setya Bagus Yuherawan, SH., MS","Gatoet Poernomo,SH.M.Hum",Ilmu Hukum
Agung Saiful Anam,"PELAKSANAAN PENDAFTARAN TANAH UNTUK PERTAMA KALI DI KANTOR PERTANAHAN KABUPATEN BANGKALAN MENURUT 
PP NOMOR 24 TAHUN 1997 TENTANG PENDAFTARAN TANAH

","ABSTRAK

Pendaftaran tanah untuk pertama kali bertujuan untuk memberikan kepastian hukum hak atas tanah bagi seluruh rakyat. Pendaftaran tanah ini dapat dilaksanakan berdasarkan Peraturan Pemerintah Nomor 24 Tahun 1997 tentang Pendaftaran Tanah yang dapat membeikan solusi kepada masyarakat untuk dapat menentukan pilihan terhadap 2 (dua) jenis pendaftran tanah tersebut.Tujuan penelitian ini adalah untuk mengetahui tentang pelaksanaan pendaftran tanah pertama kali dan untuk mengetahui kendala dialami dalam pelaksanaan pendaftaran tanah. Penelitian ini menggunakan jenis penelitian hukum empiris dengan pendekatan fakta dan peraturan perundang-undangan, jenis data penelitian berupa data primer yang diperoleh secara langsung dari wawancara dan data sekunder diperoleh dari studi kepustakaan. Adapun analisis data dengan cara analisis kualitatif. Hasil penelitian bahwa petuk pajak atau letter c tetap dikatakan sebagai alat bukti karena untuk memperoleh hak atas tanah, sebagai bukti petunjuk yang dapat membantu penegasan konversi (perubahan) hak milik secara turun temurun menurut hukum adat, menjadi hak milik menurut peraturan perundang-undangan yang mengaturnya.  Untuk memperoleh hak atas tanah dengan alat bukti yang berupa letter c harus di daftarkan dikantor pertanahan..Beberapa kendala yang dialami oleh masyarakat sulitnya untuk mendapatkan alat bukti berupa Letter C(Koher) tersebut karena masih dibawa oleh kepala desa lama.Upaya untuk mengatasi kendala-kendala tersebut adalah Kantor Pertanahan Kabupaten Bangkalan mengadakan sosialisai tentang prosedur dan proses pendaftaran tanah kepada masyarakat. Sosialisasi dapat diberikan dalam bentuk pengetahuan hukum bidang pertanahan, yang dilakukan secara teratur dan berkesinambungan dengan menjalin kerja sama antara Kantor Pertanahan dengan Kantor instansi lainnya.
","ABSTRACT

First time of Land Registration aims to provide legality of land rights for all citizens. Land registration can be carried out based on Government Regulation Number 24 of 1997 about Land Registration that be able to give solutions to the public in order to determine of choice of 2 (two) types of Land Registration. The research aims to know about the implementation of the first land Registration and to know constraints in the implementation of land registration. This research uses empirical legal research approach to facts and laws, the research type with primary data that obtained directly from interviews and secondary data obtained from the study of literature. The data analysis was qualitative analysis. The results is as taxes or letter c still be regarded as evidence as to obtain land rights, as evidence hints that be able to help affirmation conversion (change) hereditary property rights under customary law, become the property according to the laws and regulations that govern . To obtain land rights with evidence in the form of letter c must be registered at the Land office. Some constraints are experienced by the difficulty to obtain evidence in the form of Letter C (Koher) because it was brought by old district head .Effort to overcome these constraints are Bangkalan Land Office held a socialization of the procedures and processes of land registration to the public. Socialization can be given in knowledge of the right in land, which is done regularly and continuously to establish cooperation between the Land Office to the other Agencies Office.
","Dr. Mufarrijul Ikhwan, SH.,M.Hum","Mishbahul Munir, SH., M.Hum",Ilmu Hukum
Adityo Nugroho,"TRANSAKSI JUAL BELI MELALUI INTERNET PERSPEKTIF SYARIAH
( KAJIAN DALAM SITUS WWW.MUSLIMGALERI.COM)
","
ABSTRAK

	Salah satu bentuk kemajuan teknologi adalah jual beli melalui internet. transaksi ini memudahkan bagi penjual dan pembeli tanpa harus bertemu secara langsung. Jual beli dalam pandangan Islam melarang jual beli yang mengandung unsur  gharar karena dapat merusak ketentraman umat muslim. Oleh karena itu, penelitian ini dilakukan untuk mengetahui apakah transaksi jual beli melalui internet dipandang telah memenuhi syarat sahnya jual beli dalam syariah. Metode penelitian yang digunakan adalah penelitian hukum normatif. Adapun pendekatan masalah menggunakan pendekatan perundang undangan dan pendekatan konseptual. Hasil penelitian menyimpulkan Fiqi’h memandang bahwa transaksi jual beli melalui internet diperbolehkan karena mashlahah. Mashlahah adalah mengambil manfaat dan menolak ke-mudhorot-an dalam rangka memelihara tujuan syara’. Memperhatikan persyaratan tersebut, bahwa jual beli melalui internet hukumnya mubah atau boleh selama penawaran yang ada di katalog situs jual beli memenuhi rukun dan syarat jual beli. Kenyataanya unsur gharar dalam jual beli melalui internet tetap terjadi. Unsur gharar ini timbul dalam hal harga dengan cara menaikkan secara sepihak, gharar dalam kualitas tidak memberikan gambaran dengan jelas mengeni bahan yang digunakan dan waktu pengiriman terjadi disebabkan tidak jelasnya jangka waktu pengiriman barang. Unsur gharar yang terjadi dalam jual beli melalui internet dapat mengakibatkan status hukum menjadi subhat (tidak jelas). Namun dengan pertimbangan unsur kemaslahatan, jual beli melalui internet dapat dilakukan. 
","ABSTRACT

 	One form of technological progress is the buying and selling over the internet. This facilitates the transaction for the seller and the buyer without having to meet in person. Buying and selling in the view of Islam prohibits the sale and purchase that contains gharar because it can damage the tranquility of Muslims. Therefore, research was conducted to determine whether the sale and purchase transactions over the internet deemed eligible purchase in the Islamic legitimacy. The method used is a normative legal research. The approach to the problem using the statute approach of and conceptual approach. The research concludes Fiqi'h view that buying and selling over the internet is allowed because mashlahah. Mashlahah is to take the benefits and reject the mudhorot's in order to maintain the goal of Personality '. Nothing these requirements, the buying and selling over the internet or be legal permissible for existing catalog offers buying and selling site harmonious and fulfilling purchase requirements. In fact in buying and selling over the Internet still occurs. Gharar arises in this case by raising prices unilaterally, gharar in quality does not provide a clear picture of the materials used and the time of delivery occurs due to lack of clarity about delivery period. Gharar that occur in buying and selling over the internet can lead to legal status subhat (not clear), but with consideration of the element of the benefit, buying and selling over the internet to do.

","Dr. Murni, SH.,M.Hum","Mishbahul Munir, SH., M.Hum",Ilmu Hukum
Yuliano Orgianus Landowero,PELAKSANAAN MORATORIUM PENGIRIMAN TENAGA KERJA INDONESIA DI DESA MANONGGAL KECAMATAN KLAMPIS KABUPATEN BANGKALAN,"ABSTRAK

Pelaksanaan terhadap kebijakan moratorium yang diberlakukan pemerintah Indonesia dilandasi oleh banyaknya kasus kekerasan yang sering terjadi dan menimpa Tenaga Kerja Indonesia di luar negeri. Program moratorium terhadap TKI yang bekerja di luar negeri tentu mempunyai pengaruh  terhadap pengiriman TKI asal Bangkalan. Rumusan masalah yang diambil adalah bagaimanakah pelaksanaan kebijakan moratorium yang dilakukan pemerintah daerah kabupaten Bangkalan. Tujuan dari penulisan ini untuk memperoleh kejelasan mengenai pelaksanaan dari kebijakan moratorium yang dilakukan oleh Dinsosnakertrans Kabupaten Bangkalan. Metode penelitian yang digunakan dalam penulisan ini menggunakan penelitian hukum sosiologis hukum atau empiris. Hasil penelitian menunjukkan moratorium yang diberlakukan oleh pemerintah harus berjalan dengan baik sehingga efektivitas dari moratorium dapat mengurangi jumlah kekerasan yang terjadi pada TKI. Pelaksanaan moratorium di daerah Bangkalan tentunya berdampak besar sehingga dalam kebijakan tersebut, peran serta pemerintah daerah khususnya Bangkalan harus mulai membenahi system perekrutan yang harus sesuai dengan UU No. 39 Tahun 2004. Bentuk Perlindungan yang diberikan kepada TKI mulai dari pra penempatan, masa penempatan dan pasca penempatan. Perlindungan ini diberikan agar para TKI lebih dihargai hak-haknya sehingga tidak ada kasus kekerasan terhadap TKI yang bekerja di Luar Negeri.
","	ABSTRACT

The implementation of the moratorium imposed by the Indonesian government is based on the number of cases of violence that are common and afflicts Indonesian Workers abroad. Program moratorium against workers who work abroad would have an influence on sending workers home Bangkalan. The formulation of the problem is how the implementation of policies taken by the government moratorium Bangkalan district. The purpose of this paper to obtain clarity on the implementation of the moratorium by Dinsosnakertrans Bangkalan. The research method used in this paper uses a sociological legal research or empirical laws. The results showed that the moratorium imposed by the government should be running well so that the effectiveness of the moratorium could reduce the amount of violence that occurs in workers. The implementation of the moratorium in the area Bangkalan certainly have a major impact in the policy, the role of local governments in particular must start to fix Bangkalan recruitment system should be in accordance with Law no. 39 in 2004. Forms of protection given to workers ranging from pre-deployment, deployment and post-deployment period. This protection is given to the workers over their rights respected so that no cases of violence against migrant workers working abroad.
","Azizah, SH.,M.Hum","Devi Rahayu, SH.,M.Hum",Ilmu Hukum
NUR INDAH FENY SURYANTI,ASPEK PIDANA DALAM JUAL BELI OLI BEKAS KAPAL DI PERAIRAN SELAT MADURA,"Oli bekas kapal merupakan oli sisa yang dihasilkan dari kegiatan permesinan sebuah kapal. Oli bekas kapal ini kerap kali dijual oleh para ABK, sebab sampai saat ini tempat penampungan limbah seperti Reception Facility (RF) yang menampung limbah untuk wilayah perairan Selat Madura belum siap untuk digunakan. Jual beli oli bekas kapal ini merupakan upaya yang dilakukan oleh para ABK dalam menangani limbah oli bekas kapal yang semakin meningkat. hal ini menjadi menarik untuk diteliti sebab apakah sesederhana itu perlakuan terhadap oli bekas kapal tersebut sehingga penjualan oli bekas kapal marak terjadi di perairan Selat Madura. Oleh karena itu, penelitian ini dilakukan untuk mengetahui apakah jual beli oli bekas kapal tersebut merupakan suatu tindak pidana ataukah bukan.
metode penelitian yang digunakan adalah normatif (yuridis normatif). Adapun pendekatan masalah menggunakan pendekatan undang-undang dengan menelaah semua undang-undang dan regulasi yang bersangkutan dengan isu hukum yang sedang ditangani adakah konsistensi dan kesesuaian antara suatu undang-undang dengan undang-undang lainnya atau antara undang-undang dengan Undang-undang Dasar atau antara regulasi dengan undang-undang.
Hasil dari penelitian ini bahwa jual beli limbah oli bekas kapal dapat diklasifikasikan sebagai tindak pidana, karena limbah oli bekas kapal termasuk dalam limbah B3 yang tidak boleh diperjual belikan atau diperdagangkan.

Kata kunci : oli bekas kapal, jual beli.","Ship used oil is residual oil generated from machining a ship. This ship used oil often sold by the crew, because until now shelters such waste Reception Facility (RF) which holds waste to the territorial waters of Madura Strait is not ready for use. Buying and selling used oil vessel is the efforts made by the crew in handling the ship used oil waste is increasing. it becomes interesting to study because it is so simple treatment of used oil vessel so that the vessel used oil sales rife in the Madura Strait. Therefore, research was conducted to determine whether the sale of used oil vessel is a crime or not.
research method used is normative (normative). The approach to the problem using this approach to study the law all laws and regulations relevant to the legal issue at hand is there consistency and compatibility between a law with other laws or the laws with the Constitution or the regulation by law.
Results from this study that the sale and purchase of ships used oil waste can be classified as a crime, because the vessel used oil waste are included in the B3 waste must not be sold or traded.

Keywords: used oil ships, buying and selling.","BOEDI MUSTIKO, SH., M.Hum","GATOET POERNOMO, SH., M.Hum",Ilmu Hukum
Mojiono,Sifat Fisik dan Profil Gelatinisasi Tepung Uwi Ungu Termodifikasi Secara Fisik,"Teknologi modifikasi pada tepung non konvensional memungkinkan menaikkan kemampuan subtitusi terhadap terigu pada produk roti dan manfaat fungsional. Tujuan penelitian ini adalah mempelajari perubahan sifat fisik dan profil gelatinisasi tepung uwi ungu yang dimodifikasi secara fisik. Metode modifikasi yang digunakan adalah hidrotermal annealing. Faktor penelitian adalah suhu (40, 45, 50, 55, 60°C) dan waktu (1, 6, 12, 18, dan 24 jam). Rancangan penelitian disusun menurut rancangan Central Composite Design pada Response Surface Methodology (RSM). Nilai WSI mengalami peningkatan hingga 64% pada kisaran suhu 45-50°C dan waktu 12-18 jam. Perlakuan suhu dan waktu di atas atau dibawah rentang perlakuan tersebut menghasilkan nilai yang WSI rendah hingga 58%. Sementara itu, nilai WAI paling rendah (8,75 g/g) diketahui terjadi pada kombinasi kisaran suhu 60°C dan waktu 1 jam. Kondisi tersebut juga terjadi pada kombinasi suhu 40°C dan waktu 24 jam. Perlakuan annealing tidak mengubah bentuk granula. Sementara itu, annealing menurunkan nilai peak viscosity, final viscosity secara berturut hingga 151 cP, 355 cP, dan menaikkan peak time hingga 13 menit. Peningkatan nilai peak time menunjukkan peningkatan stabilitas pati akibat pengaruh hidrotermal annealing.

Kata kunci: annealing, sifat fisik, profil gelatinisasi
","Starch modification technology has a potential to increase the ability of non conventional flour to subtitute wheat flour on bakery products, while also gives more functional benefits. The purpose of this research was to study changes in physical properties, and gelatinization profile of modified purple yam flour. The modification method used was hydrothermal annealing.  Temperature (40, 45, 50, 55, 60°C) and time (1, 6, 12, 18, and 24 h) were two factors studied. Design experiment was prepared by using Central Composite Design in Response Surface Methodology (RSM). Water Solubility Index (WSI) increased to reach 64% at 45-50°C and 12-18 h. The lowest WSI was 58% which happened at treatment outside the highest range. Meanwhile, the lowest WAI value (8.75 g/g) was resulted from annealing at 60°C and in 1h. Similar WAI value was also shown by annealed flour at 40°C and 24 h. Annealing didn’t alter the form of granules as seen by microscope. Meanwhile, annealing decreased the value of peak viscosity, final viscosity to 151 cP, 355 cP, respectively, and increased the peak time to 13 min. Increase in peak time indicated the rising stability of starch under the influence of annealing.

Keywords: hydrothermal annealing, physical properties, gelatinization profile
","Ir. Umi Purwandari, M.App.Sc., Ph.D","Burhan, S.TP., MT",Teknologi Industri Pertanian
Rudiyana Maf 'Ulah,PENGARUH KONSENTRASI FLOKULAN (MAGNAFLOC LT 27 P) PADA NIRA TEBU SEGAR DAN NIRA TEBU WAYU HASIL PEMURNIAN NIRA CARA SULFITASI TERHADAP KUALITAS NIRA,"Kualitas gula yang dihasilkan tergantung pada kualitas bahan baku tebu giling dan kualitas nira yang diperoleh dari proses pemurnian. Proses pemurnian nira diperlukan untuk membuang atau menghilangkan zat bukan gula yang terkandung dalam nira mentah, sehingga dihasilkan nira gula dengan kadar sukrosa yang tinggi dan jernih. Penambahan flokulan dapat mempercepat terjadinya pengendapan dalam menghasilkan nira jernih karena terjadi penyerapan endapan partikel-partikel kecil dari sekitarnya ke permukaan endapan. Penambahan flokulan harus memiliki dosis yang tepat agar berpengaruh terhadap proses pengendapan.Tujuan penelitian skripsi ini meliputi: 1. Mengetahui pengaruh konsentrasi flokulan terhadap kualitas nira jernih hasil pemurnian cara sulfitasi. 2. Mengetahui pengaruh tingkat kewayuan tebu terhadap kualitas nira jernih hasil pemurrnian cara sulfitasi. Metode pemurnian nira dilakukan dengan cara sulfitasi pada nira tebu segar dan nira tebu wayu (tebu ditunda 3 hari). Pada pemurnian nira cara sulfitasi pemanasan pertama dilakukan hingga suhu 75 ºC untuk ditambahkan susu kapur hingga pH 9 dan penambahan gas SO2 hingga pH mencapai 7,2. Pemanasan kedua dilakukan pada suhu 100 ºC kemudian pemanasan dihentikan untuk uji pengendapan. Uji pengendapan dilakukan dengan penambahan flokulan pada variasi konsentrai 0 ppm, 2 ppm, dan 4 ppm. nira jernih setelah uji pengendapan dianalisis kadar turbiditas, HK nira jernih, dan delta HK nira. Hasil penelitian menunjukkan bahwa konsentrasi flokulan berpengaruh nyata terhadap turbiditas nira jernih. Turbiditas tertinggi terdapat pada konsentrasi 0 ppm yaitu 38,17 ppm SiO2 dan terendah pada konsentrasi 4 ppm dengan kadar turbiditas 13,80 ppm SiO2. Waktu tunda giling tebu berpengaruh nyata terhadap HK dan delta HK nira. HK nira jernih tebu segar (96,98 %) lebih tinggi dibandingkan HK nira jernih dari tebu wayu 3 hari (88,71 %). Delta HK nira jernih tebu segar (8,30 %) lebih tinggi dibandingkan HK nira jernih dari tebu wayu 3 hari (1,91 %). Jadi, penundaan waktu giling tebu dapat menurunkan kualitas nira.

Kata kunci: pemurnian nira, kualitas nira, flokulan, dan proses sulfitasi.","The quality of sugar produced depends on the quality of raw materials and the quality of milled cane juice obtained from the purification process. Juice purification process is needed to remove or eliminate the non-sugar substances contained in raw sap, sap to produce sugar with high sucrose content and clarity. The addition of flocculants can accelerate the deposition of the produce due to the absorption of clear juice sediment particles to the surface of the surrounding sediment. The addition of flocculants should have the right dose in order to influence the process of settled. The goal of this thesis include: 1. Determine the effect of flocculant concentration on quality sap clear the way sulfitasi purification. 2. Determine the effect of time delay of sugarcane milled (3 days) on the quality of juice purity. Method of purification is done by sap sulfitasi on fresh sugar cane juice and palm unfreshsugar cane (cane delayed 3 days). In the refining sap sulfitasi first heating means carried by 75 ºC temperature for the milk of lime is added to pH 9 and the addition of SO2 gas until pH reaches 7,2. A second heating at a temperature of 100ºC and then heating was stopped for the deposition tests. Precipitation test performed by the addition of flocculant concentration on the variation of 0 ppm, 2 ppm and 4 ppm. sap clear after the deposition tests were analyzed levels of turbidity, HK clear sap, and sap delta HK. The results showed that the concentration of flocculant significantly affect sap clear turbidity. The highest turbidity present in concentrations of 0 ppm is 38.17 ppm SiO2 and the lowest in the concentration of 4 ppm to 13.80 ppm SiO2 turbidity levels. The time delay of sugarcane milled significantly affect HK and HK sap delta. HK clear juice fresh sugarcane (96.98%) higher than HK clear sap from unfreshsugar cane 3 days (88.71%). Delta HK clear cane juice of fresh sugar cane (8.30%) higher than HK clear sap from sugar cane unfresh 3 days (1.91%). So, the delay time can degrade the quality of milled cane juice.

Key words: purification sap, sap quality, flocculants, and sulfitasi process.","Darimiyya Hidayati, S.TP. MP.","Ir. Muhammad Fakhry, MP.",Teknologi Industri Pertanian
Indah Purnama Sari,Optimasi Penggunaan Tepung Labu Kuning dan Gum Arab pada Pembuatan Cup Cake,"Program diversifikasi bahan pangan lokal diharapkan dapat menurunkan impor tepung terigu. Tepung labu kuning diharapkan bisa mensubstitusi tepung terigu dalam pembuatan cup cake, dan gum arab ditambahkan untuk memperbaiki sifat tekstural dan volume pengembangan cup cake. Penelitian ini bertujuan (i) untuk mengetahui pengaruh penggunaan tepung labu kuning dan gum arab, (ii) untuk mengetahui kondisi optimum dari kombinasi perlakuan yang digunakan. Metode Response Surface Methodology (RSM) dipilih untuk mengoptimalkan faktor-faktor yang berpengaruh terhadap kadar air, volume pengembangan, cohesiveness dan adhesiveness cup cake. Proporsi tepung labu kuning dan gum arab dirancang menggunakan desain Central Composite Rotate Design (CCRD) masing-masing 5 level, yakni konsentrasi tepung labu 0%, 10 %, 20%, 30%, 40%, dan konsentrasi gum arab 0%, 0,2%, 0,4%, 0,6%, 0,8%. Hasil penelitian menunjukkan penggunaan tepung labu dan gum arab yang tinggi cenderung menaikkan kadar air cup cake, namun pada penggunaan konsentrasi tepung labu yang rendah dan gum arab yang cukup tinggi memberikan hasil yang optimal untuk volume pengembangan, cohesiveness dan adhesiveness cup cake. Kadar air, volume pengembangan dan cohesiveness cup cake yang optimum dicapai pada kombinasi perlakuan tepung labu dan gum arab 20 % : 0,8 %, sedangkan sifat adhesiveness cup cake yang optimum dicapai pada kombinasi perlakuan tepung labu dan gum arab 10 % : 0,6 %, sehingga kondisi optimum penggunaan tepung labu dan gum arab pada pembuatan cup cake labu kuning berdasarkan keempat parameter tersebut dicapai dengan proporsi tepung labu dan gum arab 10 – 20 % : 0,6 – 0,8 %.


Kata kunci: tepung labu kuning, gum arab, cup cake, RSM","Local food diversification program is expected to reduce imports of wheat flour. Pumpkin flour is expected to substitute wheat flour in making cup cakes, and gum arabic is added to improve the textural properties and the volume expansion cup cake. This study aims (i) to find out effect of using pumpkin flour and gum arabic, (Ii) to determine the optimum conditions of a combination of treatments is used. Methods of Response Surface Methodology (RSM) is selected to optimize the factors that influence the water content, the volume of development, co hesiveness and adhesiveness cup cake. The proportion of pumpkin flour and gum arabic designed using Central Composite design Rotate Design (CCRD) each 5 levels, namely the concentration of pumpkin flour 0%, 10%, 20%, 30%, 40%, and the concentration of gum arabic 0%, 0.2%, 0.4%, 0.6%, 0.8%. Results showed that used of total flour and gum arabic pumpkins tend to raise the level of high water cup cake, but the use of a low concentration of pumpkin flour and gum arabic is high enough to yield optimal volume development, cohesiveness and adhesiveness cup cake. Levels of water, volume development and cohesiveness cup cake optimum combination treatment achieved the pumpkin flour and gum arabic 20%: 0.8%, while the nature of optimal adhesiveness cup cake flour combination treatment achieved the pumpkin and gum arabic 10%: 0.6%, so k ondisi optimum use pumpkin flour and gum arabic on making pumpkin cake cup based on four parameters are achieved by the proportion of pumpkin flour and gum arabic 10-20%: 0.6 - 0, 8%.


Keywords: pumpkin flour, gum arabic, cup cake, RSM
",Dr. Umi Purwandari,"Supriyanto, S.TP.,M.P",Teknologi Industri Pertanian
Ahmad Fawaid Kurniawan,Kondisi Optimum Pembuatan Cup Cake Tersubstitusi Tepung Talas Dengan Penambahan Gum Arab,"ABSTRAK
Bahan pangan lokal yang dapat mensubstitusi tepung terigu yang sangat potensial salah satunya talas yang dapat dijadikan tepung, karena memililki kandungan karbohidrat yang cukup tinggi. Tepung talas diharapkan bisa mensubstitusi tepung terigu dalam pembuatan cup cake, dan penambahan gum arab diharapkan dapat memperbaiki kekentalan/viskositas, tekstur, dan mempertahankan flavour cup cake.    Penelitian ini bertujuan (i) Mengetahui sifat kimia dan tekstural tepung talas (ii) Mengetahui pengaruh penggunaan tepung talas dan penambahan gum arab pada kadar air, volume cup cake dan sifat tekstural cup cake, (iii) Mengetahui kondisi optimal penggunaan tepung talas dan penambahan gum arab pada pembuatan cup cake . Metode Response Surface Methodology (RSM) dipilih untuk mengoptimalkan faktor-faktor yang berpengaruh terhadap parameter kadar air, volume cup cake, adhesiveness, cohesiveness, dan hardness. Proporsi tepung talas, dan gum arab, dirancang menggunakan desain Central Composite Rotatable Design (CCRD). Masing-masing 5 level, yakni proporsi tepung talas 0%, 10%, 20%, 30%, 40% dan proporsi gum arab 0%, 0,2%, 0,4%, 0,6%, dan 0,8%. Analisis data dilakukan menggunakan software minitab 14 model second order polinomial. Hasil penelitian menunjukkan bahwa tepung talas mempunyai komposisi kimia yaitu protein 7,81%, lemak 0,67%, amilosa 63,41%, amilopektin 1,36%, kalsium 90 mg/100g, phosfor 182 mg/100g, kalium 2,1 mg/100g, dan memiliki ukuran granula pati yang cukup besar (28,39 ?m) di bandingkan dengan terigu (20-22 µm) dan memiliki sifat gel yang tidak mudah pecah. Adhesiveness, hardness yang optimum pada kombinasi proporsi tepung talas (30% - 40%) dan konsentrasi gum arab (0% - 0,4%). Kadar air, volume cup cake optimum pada kombinasi proporsi tepung talas (0% - 20%) dan konsentarsi gum arab (0% - 0,5%), sedangkan sifat cohesiveness optimum pada proporsi kombinasi tepung talas (20% - 30%) dan konsentrasi gum arab (0,4% - 0,8%). Kondisi yang disarankan untuk hasil optimum dalam pembuatan cup cake talas yaitu 40 % tepung talas dan 0,5 % gum arab.

Kata Kunci: Tepung Talas, Cup Cake, Gum Arab, RSM
","ABSTRACT
Taro which has high carbohydrate content, is one of the local tubers that has potential for substituting wheat flour. Taro flour is expected to be able to substitute wheat flour on cup cake by adding some arabic gum for increasing the viscosity, textural quality, and enduring the flavor. This research aims are to know chemical and textural properties of cup cake and the number of taro flour and arabic gum added at the optimum condition. Experimental design used was Response Surface Methodology (Central Composite Rotatable Design – CCRD) which has two variables, taro flour level (0%, 10%, 20%, 30%, 40%) and arabic gum (0%, 0,2%, 0,4%, 0,6%, 0,6%, 0,8%). Parameters of quality observed are water content, cup cake’s volume, adhesiveness, cohesiveness, and hardness. The result was analyzed by using second order polynomial. The results showed that the chemical composition of taro flour protein is 7.81%, fat 0.67%, 63.41% amylose, amylopectin 1.36%, Calcium 90 mg/100g, 182 mg/100g phosfor, potassium 2.1 mg/100g, and has a size of starch granules are quite large (28.39 ?m) compared with wheat (20-22 ?m). Starch granule size larger, more resistant to hydrothermal treatment, and taro starch gel properties that are not easily broken.. The combination of taro flour (30%-40%) and arabic gum (0%-0,4%) resulted optimum adhesiveness and hardness. Meanwhile, the combination of taro flour (0%-20%) and arabic gum (0%-0,5%) resulted optimum water content and volume. The combination of taro flour (20%-30%) and arabic gum (0,4%-0,8%) resulted optimum cohesiveness. Overall, the optimum quality of cup cake was reached in taro flour 40% and arabic gum 5%. 

Keywords: Taro Flour, Cup Cake, Arabic Gum, RSM
",Dr. Umi Purwandari,"Burhan S.TP, M.T",Teknologi Industri Pertanian
Mohammad Osidani Aji Wijaya,ANALISIS FINANSIAL PADA PRODUKSI ROTI TAWAR MENGGUNAKAN SUBSTITUSI TEPUNG UWI UNGU (Dioscorea alata L. var purpurea),"ABSTRAK


Roti tawar merupakan makanan yang populer, dengan bahan utama tepung terigu. Pembuatan roti tawar dengan pencampuran tepung uwi ungu sebagai bahan substitusi diharapkan menjadi satu inovasi produk baru, mengurangi penggunaan tepung terigu, meningkatkan penggunaan tepung lokal, dan menambah manfaat fungsional. Tujuan penelitian ini adalah mengkaji analisis finansial berdasarkan NPV, IRR, B/C ratio, BEP, PBP, dan sensitivitas. Metode yang digunakan dalam penelitian adalah metode full costing yang digunakan untuk penentuan harga pokok produksi. Bahan yang digunakan dalam penelitian ini adalah tepung terigu, tepung uwi ungu, gula, mentega, susu skim, gum arab, ragi, beaker bonus, garam, dan air. Hasil dari penelitian ini adalah NPV sebesar Rp 29.636.521,00, IRR sebesar 15 %, B/C ratio sebesar 1,11509, PBP sebesar 4,17 tahun, BEP sebesar 4.469 unit dan sensitivitas pada saat harga bahan naik 15 %, serta penurunan harga jual produk sebesar Rp 500,00. Kesimpulan dari penelitian ini adalah usaha pembuatan roti tawar uwi ungu layak untuk dilakukan.

Kata kunci: uwi ungu, roti tawar, kelayakan usaha.
","Abstract

Bread is a popular food which made from wheat flour as main ingredients. Making bread that substituted by purple yam flour was expected to be a new product innovation, reducing the use of wheat flour, increasing the use of local flour, and adding functional benefits. The purpose of this study is to examine the financial analysis based on NPV, IRR, B/C ratio, BEP, PBP, and sensitivity. The method used in this study were full costing to determine production cost. The materials used in this study are wheat flour, purple yam flour, sugar, butter, skim milk, gum arabic, yeast, beaker bonus, salt, and water. The study results NPV Rp 29,636,521, IRR 15%, B/C ratio 1.11509, PBP 4.17 years, BEP at 4469 units. Meanwhile the sensitivity of the current material prices rise 15%, and decreasing in selling price of Rp 500.00. The conclusion of this study is feasible.
Keywords: purple yam, white bread, business feasibility.
","Banun Dyah Probowati S.TP, Msi",Dr. Umi Purwandari,Teknologi Industri Pertanian
Eko Suryo Firdaus,Formulasi Yogurt Sinbiotik Susu Kecipir dan Mucilage Uwi Ungu,"ABSTRAK
Formulasi yogurt sinbiotik susu kecipir dan mucilage uwi ungu, Eko Suryo Firdaus, Dr. Umi Purwandari dan Iffan Maflahah, S.TP., M.Si.
Yogurt merupakan makanan hasil fermentasi susu yang memanfaatkan aktivitas bakteri asam laktat yaitu Lactobacillus bulgaricus, Streptococcus thermophillus dan Bifidobacterium bifidum. Saat ini, bahan baku yogurt tidak hanya dari susu hewani namun juga memanfaatkan susu nabati. Dalam penelitian ini susu nabati yang digunakan untuk pembuatan yogurt yaitu susu kecipir. Kandungan gizi kecipir berupa protein 37,4% dan serat 12,5% per 100 gram biji. Pada pembuatan yogurt kecipir dilakukan penambahan bahan pembentuk tekstur yaitu carboxy methyl celulose (CMC) dan mucilage uwi ungu sebagai prebiotik yang diharapkan mampu menjadi produk yogurt nabati sinbiotik. Penelitian ini bertujuan untuk (i) Memformulasikan yogurt kecipir dengan bahan pembentuk tekstur (ii) Mengkaji penerimaan yogurt kecipir secara sensoris. Metode yang digunakan untuk memformulasikan yogurt kecipir yaitu Response Surface Method (RSM) dengan desain tiga variabel Box-Behnken dengan tiga level yakni proporsi mucilage uwi ungu 5%, 10%, 15%, proporsi CMC 0,1%, 0,2%, 0,3%, konsentrasi kultur 1,5%, 3%, 4,5% untuk memperoleh formulasi optimum terhadap nilai pH, viskositas, jumlah mikroorganisme, warna, aroma, rasa, tekstur dan kesukaan secara keseluruhan yogurt. Analisis data menggunakan  software minitab 16 dengan model second order polinominal. Hasil penelitian menunjukkan kadar fruktooligosakarida pada mucilage uwi ungu 5%, 10% dan 15% yaitu 2,14%, 2,62% dan 3,05%. Pengujian nilai pH yogurt kecipir berkisar antara 1,6 – 2,0. Pengujian viskositas yogurt berkisar 0,1–0,5 dpa.s. Pengujian jumlah mikroorganisme berkisar antara 1,34 x 107- 2,22 x 107 sel/mililiter. Secara sensoris panelis kurang suka terhadap aroma dan rasa yogurt kecipir karena adanya bau langu dan rasa sedikit pahit. Hasil uji optimasi yogurt kecipir memperoleh formulasi optimum pada kondisi pH, viskositas, jumlah mikroorganisme dan penerimaan secara sensoris pada proporsi mucilage 5%, CMC 0,2% dan konsentrasi kultur 1,5%.
Kata kunci : yogurt kecipir, sinbiotik, mucilage, CMC dan RSM
","Eko Suryo Firdaus NRP. 08.03.3.1.1.00012. Milk Yogurt Formulation sinbiotik Yam Purple winged and Mucilage. Under the guidance of Dr. Umi Purwandari and Iffan Maflahah, STP. MSi.
ABSTRACT
Yogurt is a fermented dairy foods which utilize the activity of lactic acid bacteria Lactobacillus bulgaricus, Bifidobacterium bifidum and Streptococcus thermophillus. Currently, raw milk yogurt is not only animal but also use vegetable milk. In this study the milk plant for the manufacture of yogurt is milk winged bean. Nutrient content in the form of winged bean protein fibers 37.4% and 12.5% per 100 grams of seed. In making the addition of winged bean yogurt texture of materials forming the carboxy methyl Celulose (CMC) and mucilage Yam purple as a prebiotic which is expected to be a vegetable sinbiotik yogurt products. This study aims to (i) Formulate a precursor winged bean yogurt texture (ii) Assessing the sensory acceptance winged bean yogurt. The method used to create the winged bean yogurt Response Surface Method (RSM) design with three variable Box-Behnken with three levels namely the proportion of mucilage Yam purple 5%, 10%, 15%, the proportion of CMC 0.1%, 0.2%, 0.3%, 1.5% concentration of culture, 3%, 4.5% to obtain the optimum formulation for pH, viscosity, the number of microorganisms, color, aroma, taste, texture and overall liking yogurt. Analysis of the data using the software Minitab 16 with second order models polinominal. The results showed levels of mucilage Yam purple fruktooligosakarida on 5%, 10% and 15% are 2.14%, 2.62% and 3.05%. Testing the pH value of winged bean yogurt ranged from 1.6 to 2.0. Testing yogurt viscosity range 0.1 to 0.5 dpa.s. Testing the number of microorganisms ranging from 1.34 x 107 to 2.22 x 107 cells / ml. In sensory panelists do not like the smell and taste of yogurt winged because of the smell of rotten and taste slightly bitter. The test results obtained winged bean yogurt formulation optimization optimum pH conditions, the viscosity, the number of microorganisms and sensory acceptance of 5% in the proportion of mucilage, CMC 0.2% and 1.5% concentration of culture.
Keywords: Yogurt Winged, Sinbiotik, Mucilage, CMC and the RSM
",Dr. Umi Purwandari,"Iffan Maflahah S.TP, Msi",Teknologi Industri Pertanian
Nor Wulan Purnamasari,"PENGARUH LABEL HALAL PADA KEMASAN
TERHADAP KEPUTUSAN PEMBELIAN PRODUK ES KRIM
","Salah satu usaha dari produsen untuk meyakinkan konsumen bahwa produknya bebas dari bahaya hal yang diharamkan adalah dengan mencantumkan label halal pada kemasan produknya. Masyarakat sebagai konsumen harus berhati-hati dalam melakukan keputusan pembelian. Penelitian ini untuk mengetahui pengaruh adanya label halal terhadap keputusan pembelian produk es krim dengan menggunakan metode angket/kuesioner.  Populasi yang digunakan adalah mahasiswa Universitas Trunojoyo Madura berjumlah 4.460 orang yang diambil sebagai sampel dengan rumus Slovin. Teknik analisis data yaitu analisis deskriptif serta analisis kuantitatif seperti uji validitas dan reliabilitas, uji asumsi klasik, analisis regresi linear berganda dan uji hipotesis. Berdasarkan pengolahan data diperoleh persamaan linear Y = 5,583 + 0,198X1 + 0,267X2 + 0,451X3 + e, dimana variabel X1 (proses pembuatan), X2 (bahan utama) dan X3 (bahan tambahan) memiliki hubungan yang kuat dengan Y (keputusan pembelian) yang ditunjukkan dengan koef R bernilai 0,735. Secara simultan, X1, X2 dan X3 berpengaruh terhadap Y, namun secara parsial X2 tidak berpengaruh terhadap Y karena nilai thitung lebih kecil dibanding ttabel (1,903<1,9852). Variabel Y dipengaruhi X1, X2 dan X3 sebesar 52,5% sementara sisanya 47,5% dipengaruhi faktor lain. 

Kata kunci: label halal, keputusan pembelian
","One effort of producers to ensure consumers that their products free from danger thing is by must put label halal in their packaging product. Citizens as the consumer must be careful in doing decision purchase. This research to know influence the halal label of the decision the purchase of products ice cream by using centrifugal poll / a questionnaire. Population used is university student trunojoyo madura totaled 4,460 a person taken as samples with the formula slovin. Engineering analysis of data namely descriptive analysis and quantitative analysis like a test validity and reliabilitas, test assumption classical, linear regression analysis of multiple test hypothesis. Based on data processing obtained of linear equations y = 5,583 0,198x1 + + 0,267x2 0,451x3 + + e, Where variable x1 (process of making ), x2 ( main ingredient x3 ) and ( extra ingredient ) having strong ties with y ( decision purchases ) indicated by koef r worth 0,735. Simultaneously, x1, x2 and x3 impact on y but is partial x2 not affect the y since the value of thitung lower than ttabel ( 1,903 & it; 1,9852 ). Variable y influenced x1, x2 and x3 of 52.5 % and the remaining 47,5 % affected various other factors.


Kata kunci: label halal, decision of the purchase 
","Sri Hastuti, SPt. MP","Burhan, STP. MT",Teknologi Industri Pertanian
Ratih Eka Sari,Analisis Keseimbangan Lintasan Produksi Fillet Ikan Kakap Merah,"ABSTRAK

Keseimbangan lintasan merupakan keseimbangan proses penempatan pekerjaan pada setiap stasiun kerja agar memiliki waktu operasi yang sama dan tidak ada waktu menganggur sehingga tercapailah efisiensi kerja yang tinggi. Keseimbangan lintasan diperlukan untuk merencanakan dan mengendalikan suatu aliran produksi, karena perusahaan dapat mengevaluasi dan memperbaiki lintasan produksi dengan tujuan untuk memaksimalkan efisiensi kerja guna  meminimalkan ketidakseimbangan (balance delay) dari lintasan produksi. Proses produksi fillet ikan di PT ILUFA sering mengalami kendala, yaitu terjadinya ketidakseimbangan pada lintasan produksi trimming dan mengakibatkan penumpukan bahan pada stasiun tersebut. Dalam penelitian ini menggunakan metode keseimbangan lintasan Kilbridge-Wester Heuristic dalam mengolah dan menganalisis data. Dengan metode tersebut akan diketahui proses fillet ikan  di PT ILUFA yang mengalami kemacetan yaitu pada stasiun kerja trimming yang waktu siklusnya rata-rata 4,96 detik dan seharusnya menjadi 1,25 detik, sehingga selisih waktu siklusnya untuk mencapai efisiensi yang baik yaitu 3,71 detik. Balance delay yang dihasilkan pada proses fillet ikan di PT ILUFA mengalami penurunan sebesar 25,38% (dari 74,61% menjadi 49,22%) dan efisiensi lintasan mengalami peningkatan sebesar 25,38% (dari 25,39% menjadi 50,77%) sehingga dapat dikatakan bahwa hasilnya sudah efisien.

Kata kunci: Keseimbangan Lintasan, Balance Delay, Efisiensi Lintasan","ABSTRACT

Balance trajectory is balance the process of the deployment of jobs at every station work so as to have the time of surgery equal and no time idle so efficiency work is high. Balance trajectory is required for the planning and control a stream of production because the company can evaluate and fix the trajectory of production with the purpose to optimize efficiency work in order to minimize the imbalance (balance delay) of the trajectory of production. The process of producing a fillet of fish in pt ilufa often problems namely the occurrence of an imbalance in stages of the production of a trimming and led to the rise of material at the station. In this research using methods balance the trajectory of kilbridge-wester heuristic in process and analyzed data. With this method will be known the process of fillet of fish in pt ilufa that deadlocked, i.e. in a siklus trimming workstations which time the average 4,96 second and Supposed to be 1.25 seconds, so that the difference of siklus time to achieve efficiency good, 3,71 seconds. Balance delay that is produced on the process of fillet of fish in pt ilufa decreased by 25,38 % ( of 74,61 % to 49,22 % ) and efficiency of the trajectory of increased by 25,38 % ( of 25,39 % to 50,77 % ) so that it can be said the result has been efficient.


Keywords: the balance the run, a delay, a balance the efficiency of the track","Burhan, STP. MT","Banun Diyah Probowati, STP. M.Si",Teknologi Industri Pertanian
Ifan Fahrezi,Analisis Finansial Pembuatan Minyak Atsiri Tembakau (Nicotiana tabacum),"ABSTRAK

Produk tembakau yang selama ini dikenal hanya berupa rokok dan kemajuan perkembangan industri rokok sebetulnya banyak menimbulkan permasalahan ditinjau dari beragam aspek. Kerugian yang sangat jelas terlihat dari dampak rokok terhadap kesehatan, juga apabila ditinjau dari permasalahan para pekerja perusahaan rokok dengan petani seperti adanya gudang penimbunan tembakau, permainan harga, dan lain-lain. Alternatif diferensiasi produk minyak atsiri tembakau sangatlah menguntungkan untuk dikembangkan ditinjau dari aspek finansial. Tujuan dari penelitian ini adalah memperoleh hasil dari analisis financial berdasarkan NPV, IRR, net B/C ratio, BEP, dan Sensitivitas. Metode yang digunakan dalam penelitian ini adalah metode full costing yang digunakan untuk penentuan harga pokok produksi. Bahan yang digunakan dalam penelitian ini adalah tembakau, air, dan larutan dichkloromethan. Aspek finansial menggunakan metode NPV, IRR, net B/C ratio, BEP, dan Sensitivitas untuk menganalisis data menggunakan Microsoft excel. Hasil dari penelitian ini adalah diperoleh perhitungan finansial berupa NPV sebesar Rp 777.213.339,00, IRR sebesar 30 %, Net B/C ratio sebesar Rp 2,57, PBP sebesar 3,19 tahun, BEP sebesar 3.345 botol dan Sensitivitas pada saat harga tembakau naik Rp 60.000,00, Harga botol naik sebesar Rp 60.000,00, dan persentase pejualan turun sebesar 5 %. Kesimpulan dari penelitian ini adalah usaha pembuatan minyak atsiri tembakau (nicotiana tabacum) layak untuk dilakukan.  

Kata kunci: kelayakan usaha dan aspek finansial.
","ABSTRACT 
Tobacco products, which is known only in the form of cigarettes and progressive development of the tobacco industry actually cause a lot of problems in terms of various aspects. The downsides are very clearly visible from the impact of smoking on health, also when viewed from the problems of the workers tobacco companies to farmers as a tobacco warehouse hoarding, price game, and others. Alternative tobacco product differentiation essential oil is extremely beneficial to be developed in terms of the financial aspect. Purpose of this study is to obtain the results of the financial analysis based on NPV, IRR, net B / C ratio, BEP, and Sensitivity The method used in this study is the full costing method used for determining the cost of production. The material used in this study were tobacco, water, and the solution dichkloromethan. Financial aspects of using the NPV, IRR, net B / C ratio, BEP, and Sensitivity to analyze the data using Microsoft Excel. The results of this study are obtained financial calculations such as NPV of U.S. $ 777,213,339.00, an IRR of 30%, Net B / C ratio of Rp 2.57, 3.19 PBP for years, BEP and Sensitivity bottle of 3345 when the price tobacco rose Rp 60000.00, price bottles rose by Rp 60000.00, and the percentage of turnover decreased by 5%. The conclusion of this study is an attempt to manufacture essential oils of tobacco (nicotiana tabacum) feasible. 
Keywords: feasibility and financial aspects. 
","Supriyanto, STP. MP","Banun Diyah Probowati, STP. M.Si",Teknologi Industri Pertanian
Anik Puji Hastutik,Analisis Metode Kerja Pada Bagian Trimming (Studi Kasus di PT. ILUFA Beji Pasuruan),"ABSTRAK

Penerapan sistem semi-mekanik berpengaruh terhadap produktivitas. Trimming merupakan salah satu tahapan proses yang masih dilakukan secara manual. Tujuan dari penelitian ini adalah mengetahui waktu kerja dan gerakan karyawan bagian Trimming, mengetahui pengaruh pengurangan gerakan tidak efektif terhadap efisiensi waktu kerja. Metode yang digunakan dalam penelitian ini adalah dengan menggunakan studi gerak dan waktu. Pengolahan data dilakukan dengan membagi pekerjaan menjadi elemen-elemen gerakan, menyusun peta tangan kiri tangan kanan, menghitung waktu baku, waktu normal, keseragaman data, kecukupan data dan menganalisis elemen gerakan. Hasil dari penelitian ini adalah diperoleh perhitungan waktu baku metode kerja PT. ILUFA 60,69 detik, waktu normal 44,00dan standar output 58 fillet/jam. Perhitungan waktu baku metode kerja usulan 42,39 detik, waktu normal 30,74 dan standar output 83 fillet/jam. Metode kerja perusahaan belum sesuai dengan prinsip ekonomi gerakan jarak antara operator dengan peralatan masih terlalu jauh. Kesimpulan dari penelitian ini adalah metode kerja usulan lebih baik dibanding metode kerja perusahaan.  

Kata kunci: Metode kerja, waktu baku, waktu normal, standar uotput, ergonomi.
","ABSTRACT 
Application of semi-mechanical system affects productivity. Trimming is one of the stages of the process are still done manually. The purpose of this study was to determine employee work time and movement Trimming section, determine the effect of a reduction in the efficiency of the movement ineffective work time. The method used in this research is to use time and motion studies. Data processing is done by dividing the job into elements of motion, preparing maps left hand right hand, calculate the standard time, normal time, the uniformity of the data, the adequacy of the data and analyze the elements of the movement. The results of this study are obtained by calculating the standard time working methods PT. Ilufa 60.69 seconds, 44.00, and standard normal time output 58 fillets / hour. Calculation of standard time working methods proposed 42.39 seconds, 30.74, and standard normal time output 83 fillets / hour. Methods of the company is not in accordance with the principles of motion economy the distance between the equipment operator is still too far away. The conclusion of this study is the proposed methods work better than the method of work of the company. 
Keywords: working methods, standard time, normal time, standard uotput, ergonomics. 
","Iffan Maflahah, STP. M.Si","Millatul Ulya, STP. MT",Teknologi Industri Pertanian
